{
  "data": [
    {
      "id": 1,
      "title": "방탄소년단 : 옛 투 컴 인 시네마",
      "description": "ARMY의 함성과 전 세계 229개 국가/지역에서 즐긴 방탄소년단의 콘서트 'BTS Yet To Come in Busan' 생중계에서는 만날 수 없었던 멤버들의 클로즈업 뷰"
    },
    {
      "id": 2,
      "title": "사랑하고 헤어져도 만남이 헛되지 않게",
      "description": "드라마의 스토리를 영화 버전으로 확장시킨 멀티버스 판타지 로맨스! 완전히 새로운 세계관, 완전히 새로운 스토리의 <상견니>"
    },
    {
      "id": 3,
      "title": "모든 순간이 영화가 되는 곳, 바빌론",
      "description": "황홀하면서도 위태로운 고대 도시, '바빌론'에 비유되던 할리우드. '꿈' 하나만을 위해 모인 사람들이 이를 쟁취하기 위해 벌이는 강렬하면서도 매혹적인 이야기"
    },
    {
      "id": 4,
      "title": "더 퍼스트 슬램덩크",
      "description": "북산고 농구부는 전국 대회에 출전해 라이벌 산왕공고와 맞붙는다. 멤버 각자가 쌓아온 성과, 그들이 짊어진 과거, 다양한 생각들이 뜨거운 코트 위에서 다시 한번 격렬하게 충돌한다."
    },
    {
      "id": 5,
      "title": "아바타 : 판도라의 바다, 새로운 세계가 펼쳐진다.",
      "description": "판도라 행성에서 '제이크 설리'와 '네이티리'가 이룬 가족이 겪게 되는 무자비한 위협과 살아남기 위해 떠나야 하는 긴 여정과 전투, 그리고 견뎌내야 할 상처에 대한 이야기"
    }
  ]
}
